latitude,longitude,borough,countie
40.76727216,-73.99392888,Manhattan,New York
40.71911552,-74.00666661,Manhattan,New York
40.71117416,-74.00016545,Manhattan,New York
40.68382604,-73.97632328,Brooklyn,Kings County
40.69608941,-73.97803415,Brooklyn,Kings County
40.68676793,-73.95928168,Brooklyn,Kings County
40.73172428,-74.00674436,Manhattan,New York
40.72710258,-74.00297088,Manhattan,New York
40.69239502,-73.99337909,Brooklyn,Kings County
40.69839895,-73.98068914,Brooklyn,Kings County
40.71625008,-74.0091059,Manhattan,New York
40.7208736,-73.98085795,Manhattan,New York
40.722103786686034,-73.99724900722504,Manhattan,New York
40.71473993,-74.00910627,Manhattan,New York
40.69089272,-73.99612349,Brooklyn,Kings County
40.72917025,-73.99810231,Manhattan,New York
40.75323098,-73.97032517,Manhattan,New York
40.7489006,-73.97604882,Manhattan,New York
40.73971301,-73.99456405,Manhattan,New York
40.76068327096592,-73.9845272898674,Manhattan,New York
40.7381765,-73.97738662,Manhattan,New York
40.70905623,-74.01043382,Manhattan,New York
40.74334935,-74.00681753,Manhattan,New York
40.70037867,-73.99548059,Brooklyn,Kings County
40.70277159,-73.99383605,Brooklyn,Kings County
40.73781509,-73.99994661,Manhattan,New York
40.7546011026,-73.971878855,Manhattan,New York
40.72743423,-73.99379025,Manhattan,New York
40.69597683,-73.99014892,Brooklyn,Kings County
40.7284186,-73.98713956,Manhattan,New York
40.73047309,-73.98672378,Manhattan,New York
40.7361967,-74.00859207,Manhattan,New York
40.69196566,-73.9813018,Brooklyn,Kings County
40.68981035,-73.97493121,Brooklyn,Kings County
40.697787,-73.973736,Brooklyn,Kings County
40.688226,-73.979382,Brooklyn,Kings County
40.69196035,-73.96536851,Brooklyn,Kings County
40.69327018,-73.97703874,Brooklyn,Kings County
40.73535398,-74.00483091,Manhattan,New York
40.72185379,-74.00771779,Manhattan,New York
40.71870987,-74.0090009,Manhattan,New York
40.72317958,-73.99480012,Manhattan,New York
40.73226398,-73.99852205,Manhattan,New York
40.73543934,-73.99453948,Manhattan,New York
40.73532427,-73.99800419,Manhattan,New York
40.71939226,-74.00247214,Manhattan,New York
40.68940747,-73.96885458,Brooklyn,Kings County
40.70122128,-74.01234218,Manhattan,New York
40.70365182,-74.01167797,Manhattan,New York
40.69474881,-73.98362464,Brooklyn,Kings County
40.6917823,-73.9737299,Brooklyn,Kings County
40.70706456,-74.00731853,Manhattan,New York
40.72229346,-73.99147535,Manhattan,New York
40.72368361,-73.97574813,Manhattan,New York
40.75097711,-73.98765428,Manhattan,New York
40.71910537,-73.99973337,Manhattan,New York
40.69308257,-73.97178913,Brooklyn,Kings County
40.68691865,-73.976682,Brooklyn,Kings County
40.68650065,-73.96563307,Brooklyn,Kings County
40.71748752,-74.0104554,Manhattan,New York
40.69766564,-73.98476437,Brooklyn,Kings County
40.707873,-74.00167,Manhattan,New York
40.73331967,-73.99510132,Manhattan,New York
40.7643971,-73.97371465,Manhattan,New York
40.707644944175705,-73.96841526031494,Brooklyn,Kings County
40.7390169121,-74.0026376103,Manhattan,New York
40.73454567,-73.99074142,Manhattan,New York
40.6845683,-73.95881081,Brooklyn,Kings County
40.713126,-73.984844,Manhattan,New York
40.73020660529954,-73.99102628231049,Manhattan,New York
40.71406667,-73.99293911,Manhattan,New York
40.71413089,-73.9970468,Manhattan,New York
40.734232,-73.986923,Manhattan,New York
40.72217444,-73.98368779,Manhattan,New York
40.72082834,-73.97793172,Manhattan,New York
40.72362738,-73.99949601,Manhattan,New York
40.70463334,-74.01361706,Manhattan,New York
40.76095756,-73.96724467,Manhattan,New York
40.70823502,-74.00530063,Manhattan,New York
40.71427487,-73.98990025,Manhattan,New York
40.71307916,-73.99851193,Manhattan,New York
40.7149787,-74.013012,Manhattan,New York
40.68926942,-73.98912867,Brooklyn,Kings County
40.7172274,-73.98802084,Manhattan,New York
40.722055,-73.989111,Manhattan,New York
40.69610226,-73.96751037,Brooklyn,Kings County
40.69383,-73.990539,Brooklyn,Kings County
40.70355377,-74.00670227,Manhattan,New York
40.70955958,-74.00653609,Manhattan,New York
40.72453734,-73.98185424,Manhattan,New York
40.711066,-74.009447,Manhattan,New York
40.717571,-74.005549,Manhattan,New York
40.69991755,-73.98971773,Brooklyn,Kings County
40.696192,-73.991218,Brooklyn,Kings County
40.69236178,-73.98631746,Brooklyn,Kings County
40.689888,-73.981013,Brooklyn,Kings County
40.73624527,-73.98473765,Manhattan,New York
40.72953837,-73.98426726,Manhattan,New York
40.7153379,-74.01658354,Manhattan,New York
40.72405549,-74.00965965,Manhattan,New York
40.71450451,-74.00562789,Manhattan,New York
40.71173107,-73.99193043,Manhattan,New York
40.71219906,-73.97948148,Manhattan,New York
40.74238787,-73.99726235,Manhattan,New York
40.72903917,-73.99404649,Manhattan,New York
40.73047747,-73.99906065,Manhattan,New York
40.7037992,-74.00838676,Manhattan,New York
40.72580614,-73.97422494,Manhattan,New York
40.71269042,-73.98776323,Manhattan,New York
40.71782143,-73.97628939,Manhattan,New York
40.71739973,-73.98016555,Manhattan,New York
40.69794,-73.96986848,Brooklyn,Kings County
40.6851443,-73.95380904,Brooklyn,Kings County
40.73649403,-73.99704374,Manhattan,New York
40.73652889,-74.00618026,Manhattan,New York
40.728846,-74.008591,Manhattan,New York
40.71850211,-73.98329859,Manhattan,New York
40.71559509,-73.9870295,Manhattan,New York
40.70530954,-74.00612572,Manhattan,New York
40.68539567,-73.97431458,Brooklyn,Kings County
40.69363137,-73.96223558,Brooklyn,Kings County
40.71602118,-73.99974372,Manhattan,New York
40.71622644,-73.98261206,Manhattan,New York
40.73261787,-73.99158043,Manhattan,New York
40.73291553,-74.00711384,Manhattan,New York
40.75510267,-73.97498696,Manhattan,New York
40.70717936,-74.00887308,Manhattan,New York
40.71605866,-73.99190759,Manhattan,New York
40.75172632,-73.98753523,Manhattan,New York
40.70834698,-74.01713445,Manhattan,New York
40.68900443,-73.96023854,Brooklyn,Kings County
40.68223166,-73.9614583,Brooklyn,Kings County
40.693261,-73.968896,Brooklyn,Kings County
40.73038599,-74.00214988,Manhattan,New York
40.73224119,-74.00026394,Manhattan,New York
40.694546087246025,-73.95801365375519,Brooklyn,Kings County
40.69331716,-73.95381995,Brooklyn,Kings County
40.70862144,-74.00722156,Manhattan,New York
40.72243797,-74.00566443,Manhattan,New York
40.749156,-73.9916,Manhattan,New York
40.73401143,-74.00293877,Manhattan,New York
40.73492695,-73.99200509,Manhattan,New York
40.735238,-74.000271,Manhattan,New York
40.75797322,-73.96603308,Manhattan,New York
40.71494807,-74.00234482,Manhattan,New York
40.71273266,-74.0046073,Manhattan,New York
40.749717753,-74.002950346,Manhattan,New York
40.71044554,-73.96525063,Brooklyn,Kings County
40.69221589,-73.9842844,Brooklyn,Kings County
40.69760127,-73.99344559,Brooklyn,Kings County
40.695065,-73.987167,Brooklyn,Kings County
40.72299208,-73.97995466,Manhattan,New York
40.72521311,-73.97768752,Manhattan,New York
40.680342423,-73.9557689392,Brooklyn,Kings County
40.68415748,-73.96922273,Brooklyn,Kings County
40.69165183,-73.9999786,Brooklyn,Kings County
40.68851534,-73.9647628,Brooklyn,Kings County
40.71926081,-73.98178024,Manhattan,New York
40.72019576,-73.98997825,Manhattan,New York
40.7403432,-73.98955109,Manhattan,New York
40.72502876,-73.99069656,Manhattan,New York
40.739323,-74.008119,Manhattan,New York
40.69512845,-73.99595065,Brooklyn,Kings County
40.700469,-73.991454,Brooklyn,Kings County
40.71076228,-73.99400398,Manhattan,New York
40.6906495,-73.95643107,Brooklyn,Kings County
40.72066442,-73.98517977,Manhattan,New York
40.72228087,-73.97668709,Manhattan,New York
40.7158155,-73.99422366,Manhattan,New York
40.70281858,-73.98765762,Brooklyn,Kings County
40.7047177,-74.00926027,Manhattan,New York
40.68753406,-73.97265183,Brooklyn,Kings County
40.71291224,-74.01020234,Manhattan,New York
40.70224,-73.982578,Brooklyn,Kings County
40.69580705,-73.97355569,Brooklyn,Kings County
40.68764484,-73.96968902,Brooklyn,Kings County
40.69573398,-73.97129668,Brooklyn,Kings County
40.770513,-73.988038,Manhattan,New York
40.76584941,-73.98690506,Manhattan,New York
40.71754834,-74.01322069,Manhattan,New York
40.701907,-74.013942,Manhattan,New York
40.72467721,-73.98783413,Manhattan,New York
40.7014851,-73.98656928,Brooklyn,Kings County
40.72621788,-73.98379855,Manhattan,New York
40.72955361,-73.98057249,Manhattan,New York
40.74173969,-73.99415556,Manhattan,New York
40.68216564,-73.95399026,Brooklyn,Kings County
40.6809833854,-73.9500479759,Brooklyn,Kings County
40.72779126,-73.98564945,Manhattan,New York
40.7262807,-73.98978041,Manhattan,New York
40.75255434,-73.97282625,Manhattan,New York
40.756014,-73.967416,Manhattan,New York
40.746647,-73.993915,Manhattan,New York
40.70853074,-73.96408963,Brooklyn,Kings County
40.72740794,-73.98142006,Manhattan,New York
40.74487634,-73.99529885,Manhattan,New York
40.76370739,-73.9851615,Manhattan,New York
40.75660359,-73.9979009,Manhattan,New York
40.76461837,-73.98789473,Manhattan,New York
40.76227205,-73.98788205,Manhattan,New York
40.74475148,-73.99915362,Manhattan,New York
40.75455731,-73.96592976,Manhattan,New York
40.75001986,-73.96905301,Manhattan,New York
40.7597108,-73.97402311,Manhattan,New York
40.76695317,-73.98169333,Manhattan,New York
40.751396,-74.005226,Manhattan,New York
40.746745,-74.007756,Manhattan,New York
40.71285887,-73.96590294,Brooklyn,Kings County
40.73587678,-73.98205027,Manhattan,New York
40.74691959,-74.00451887,Manhattan,New York
40.75513557,-73.98658032,Manhattan,New York
40.74395411,-73.99144871,Manhattan,New York
40.68312489,-73.97895137,Brooklyn,Kings County
40.7652654,-73.98192338,Manhattan,New York
40.76344058,-73.98268129,Manhattan,New York
40.74345335,-74.00004031,Manhattan,New York
40.71286844,-73.95698119,Brooklyn,Kings County
40.7457121,-73.98194829,Manhattan,New York
40.72110063,-73.9919254,Manhattan,New York
40.7451677,-73.98683077,Manhattan,New York
40.74394314,-73.97966069,Manhattan,New York
40.75640548,-73.9900262,Manhattan,New York
40.76030096,-73.99884222,Manhattan,New York
40.76019252,-73.9912551,Manhattan,New York
40.76669671,-73.99061728,Manhattan,New York
40.71260486,-73.96264403,Brooklyn,Kings County
40.73935542,-73.99931783,Manhattan,New York
40.73223272,-73.98889957,Manhattan,New York
40.75500254,-73.98014437,Manhattan,New York
40.75038009,-73.98338988,Manhattan,New York
40.7462009,-73.98855723,Manhattan,New York
40.73314259,-73.97573881,Manhattan,New York
40.751551,-73.993934,Manhattan,New York
40.74096374,-73.98602213,Manhattan,New York
40.75019995,-73.99093085,Manhattan,New York
40.74734825,-73.99723551,Manhattan,New York
40.76269882,-73.99301222,Manhattan,New York
40.73726186,-73.99238967,Manhattan,New York
40.73704984,-73.99009296,Manhattan,New York
40.74854862,-73.98808416,Manhattan,New York
40.76915505,-73.98191841,Manhattan,New York
40.76228826,-73.98336183,Manhattan,New York
40.744219,-73.97121214,Manhattan,New York
40.714215,-73.981346,Manhattan,New York
40.73827428,-73.98751968,Manhattan,New York
40.73221853,-73.98165557,Manhattan,New York
40.74901271,-73.98848395,Manhattan,New York
40.73912601,-73.97973776,Manhattan,New York
40.76341379,-73.99667444,Manhattan,New York
40.7454973,-74.00197139,Manhattan,New York
40.768254,-73.988639,Manhattan,New York
40.76087502,-74.00277668,Manhattan,New York
40.76009437,-73.99461843,Manhattan,New York
40.75206862,-73.96784384,Manhattan,New York
40.751581,-73.97791,Manhattan,New York
40.74780373,-73.9734419,Manhattan,New York
40.751873,-73.977706,Manhattan,New York
40.75992262,-73.97648516,Manhattan,New York
40.75714758,-73.97207836,Manhattan,New York
40.75466591,-73.99138152,Manhattan,New York
40.75527307,-73.98316936,Manhattan,New York
40.75594159,-74.0021163,Manhattan,New York
40.74765947,-73.98490707,Manhattan,New York
40.744023,-73.976056,Manhattan,New York
40.74290902,-73.97706058,Manhattan,New York
40.7575699,-73.99098507,Manhattan,New York
40.771522,-73.990541,Manhattan,New York
40.71893904,-73.99266288,Manhattan,New York
40.710451,-73.960876,Brooklyn,Kings County
40.75299641,-73.98721619,Manhattan,New York
40.70255065,-74.0127234,Manhattan,New York
40.74144387,-73.97536082,Manhattan,New York
40.74025878,-73.98409214,Manhattan,New York
40.71534825,-73.96024116,Brooklyn,Kings County
40.74311555376486,-73.98215353488922,Manhattan,New York
40.736502,-73.97809472,Manhattan,New York
40.74444921,-73.98303529,Manhattan,New York
40.70255088,-73.98940236,Brooklyn,Kings County
40.699773,-73.979927,Brooklyn,Kings County
40.716887,-73.963198,Brooklyn,Kings County
40.733812191966315,-73.98054420948029,Manhattan,New York
40.70531194,-73.97100056,Brooklyn,Kings County
40.76590936,-73.97634151,Manhattan,New York
40.70569254,-74.01677685,Manhattan,New York
40.71117444,-73.99682619,Manhattan,New York
40.72165481,-74.00234737,Manhattan,New York
40.739445,-73.976806,Manhattan,New York
40.75929124,-73.98859651,Manhattan,New York
40.759107,-73.959223,Manhattan,New York
40.75968085,-73.97031366,Manhattan,New York
40.711512,-74.015756,Manhattan,New York
40.72036775298455,-73.96165072917938,Brooklyn,Kings County
40.67890679,-73.94142771,Brooklyn,Kings County
40.6794268,-73.9298911,Brooklyn,Kings County
40.6814598,-73.934903,Brooklyn,Kings County
40.6800105,-73.938475,Brooklyn,Kings County
40.682601,-73.938037,Brooklyn,Kings County
40.6823687,-73.944118,Brooklyn,Kings County
40.68402,-73.94977,Brooklyn,Kings County
40.68488,-73.96304,Brooklyn,Kings County
40.6851532,-73.94111,Brooklyn,Kings County
40.686312,-73.935775,Brooklyn,Kings County
40.6900815,-73.947915,Brooklyn,Kings County
40.6894932,-73.942061,Brooklyn,Kings County
40.6883337,-73.950916,Brooklyn,Kings County
40.69072549,-73.95133465,Brooklyn,Kings County
40.69128258,-73.9452416,Brooklyn,Kings County
40.69237074,-73.93705428,Brooklyn,Kings County
40.6933982,-73.939877,Brooklyn,Kings County
40.69425403,-73.94626915,Brooklyn,Kings County
40.69622937,-73.94371094,Brooklyn,Kings County
40.69539817,-73.94954908,Brooklyn,Kings County
40.69527008,-73.95238108,Brooklyn,Kings County
40.69681963,-73.93756926,Brooklyn,Kings County
40.70029511,-73.95032283,Brooklyn,Kings County
40.69957608,-73.94708417,Brooklyn,Kings County
40.7016657,-73.9437303,Brooklyn,Kings County
40.7031724,-73.940636,Brooklyn,Kings County
40.70411791,-73.94818595,Brooklyn,Kings County
40.70510918,-73.94407279,Brooklyn,Kings County
40.70538077,-73.94976519,Brooklyn,Kings County
40.70583339,-73.94644578,Brooklyn,Kings County
40.70691254,-73.95441667,Brooklyn,Kings County
40.70767788,-73.94016171,Brooklyn,Kings County
40.70708701,-73.95796783,Brooklyn,Kings County
40.70870368,-73.9448625,Brooklyn,Kings County
40.70877084,-73.95095259,Brooklyn,Kings County
40.70924826276157,-73.96063148975372,Brooklyn,Kings County
40.70934,-73.95608,Brooklyn,Kings County
40.711863,-73.944024,Brooklyn,Kings County
40.71167351,-73.95141312,Brooklyn,Kings County
40.71247661,-73.94100005,Brooklyn,Kings County
40.71469,-73.95739,Brooklyn,Kings County
40.715143,-73.944507,Brooklyn,Kings County
40.71413311,-73.95234386,Brooklyn,Kings County
40.7160751,-73.952029,Brooklyn,Kings County
40.71774592,-73.95600096,Brooklyn,Kings County
40.71764,-73.94882,Brooklyn,Kings County
40.7190095,-73.95852515,Brooklyn,Kings County
40.71745169,-73.95850939,Brooklyn,Kings County
40.7169811,-73.94485918,Brooklyn,Kings County
40.71929301,-73.94500379,Brooklyn,Kings County
40.71924,-73.95242,Brooklyn,Kings County
40.724812564400175,-73.94752621650696,Brooklyn,Kings County
40.72079821,-73.95484712,Brooklyn,Kings County
40.72179134,-73.9504154,Brooklyn,Kings County
40.72153267,-73.95782357,Brooklyn,Kings County
40.724055,-73.955736,Brooklyn,Kings County
40.72325,-73.94308,Brooklyn,Kings County
40.72311651,-73.95212324,Brooklyn,Kings County
40.72557,-73.94434,Brooklyn,Kings County
40.72606,-73.95621,Brooklyn,Kings County
40.72708584,-73.95299117,Brooklyn,Kings County
40.72906,-73.95779,Brooklyn,Kings County
40.73026,-73.95394,Brooklyn,Kings County
40.73232194,-73.9550858,Brooklyn,Kings County
40.73266,-73.95826,Brooklyn,Kings County
40.73564,-73.95866,Brooklyn,Kings County
40.73555,-73.95284,Brooklyn,Kings County
40.74232744,-73.95411749,Queens,Queens County
40.74161,-73.96044,Queens,Queens County
40.74524768,-73.94733276,Queens,Queens County
40.744363287066875,-73.9558732509613,Queens,Queens County
40.74469738,-73.93540375,Queens,Queens County
40.74731,-73.95451,Queens,Queens County
40.74708586,-73.94977234,Queens,Queens County
40.74718234,-73.9432635,Queens,Queens County
40.74966,-73.9521,Queens,Queens County
40.75052534,-73.94594845,Queens,Queens County
40.75110165,-73.94073717,Queens,Queens County
40.75325964,-73.94335788,Queens,Queens County
40.76712840349542,-73.96224617958069,Manhattan,New York
40.76350532,-73.97109243,Manhattan,New York
40.76312584,-73.96526895,Manhattan,New York
40.77112927,-73.95772297,Manhattan,New York
40.766368,-73.971518,Manhattan,New York
40.77282817,-73.96685276,Manhattan,New York
40.77118287540658,-73.96409422159195,Manhattan,New York
40.77140426,-73.9535166,Manhattan,New York
40.76500525,-73.95818491,Manhattan,New York
40.7612274,-73.96094022,Manhattan,New York
40.77632142182271,-73.96427392959595,Manhattan,New York
40.77677702,-73.9590097,Manhattan,New York
40.77862688,-73.95772073,Manhattan,New York
40.77573034,-73.9567526,Manhattan,New York
40.77801203,-73.95407149,Manhattan,New York
40.77565541,-73.95068615,Manhattan,New York
40.77536905,-73.94803392,Manhattan,New York
40.7728384,-73.94989233,Manhattan,New York
40.76873687,-73.96119945,Manhattan,New York
40.76440023,-73.96648977,Manhattan,New York
40.76663814,-73.95348296,Manhattan,New York
40.77518615,-73.94446054,Manhattan,New York
40.77163851,-73.98261428,Manhattan,New York
40.77492513,-73.98266566,Manhattan,New York
40.77896784,-73.97374737,Manhattan,New York
40.7801839724239,-73.97728532552719,Manhattan,New York
40.78339981,-73.98093133,Manhattan,New York
40.7734066,-73.97782542,Manhattan,New York
40.7770575,-73.97898475,Manhattan,New York
40.77579376683666,-73.9762057363987,Manhattan,New York
40.78057799010334,-73.98562431335449,Manhattan,New York
40.77966809007312,-73.98093044757842,Manhattan,New York
40.78472675,-73.96961715,Manhattan,New York
40.78720869,-73.98128127,Manhattan,New York
40.78499979,-73.97283406,Manhattan,New York
40.78524672,-73.97667321,Manhattan,New York
40.7785669,-73.97754961,Manhattan,New York
40.777507027547976,-73.98888587951659,Manhattan,New York
40.77748046,-73.98288594,Manhattan,New York
40.77452835,-73.98753759,Manhattan,New York
40.7867947,-73.977112,Manhattan,New York
40.78414472,-73.98362492,Manhattan,New York
40.698617,-73.941342,Brooklyn,Kings County
40.69878,-73.99712,Brooklyn,Kings County
40.743,-73.93561,Queens,Queens County
40.758996559605116,-73.96865397691727,Manhattan,New York
40.73997354103409,-74.00513872504234,Manhattan,New York
40.78275,-73.97137,Manhattan,New York
40.76780080148132,-73.96592080593109,Manhattan,New York
40.68962188790333,-73.98304268717766,Brooklyn,Kings County
40.75724567911726,-73.97805914282799,Manhattan,New York
40.752165280621966,-73.97992193698882,Manhattan,New York
40.75898481399634,-73.99379968643188,Manhattan,New York
40.77391390238118,-73.9543953537941,Manhattan,New York
40.64653836709648,-74.01658773422241,Brooklyn,Kings County
40.686203,-73.944694,Brooklyn,Kings County
40.69102925677968,-73.99183362722397,Brooklyn,Kings County
40.75892386377695,-73.96226227283478,Manhattan,New York
40.73143724085228,-73.99490341544151,Manhattan,New York
40.6803560840434,-73.9476791024208,Brooklyn,Kings County
40.71690978045965,-73.98383796215057,Manhattan,New York
40.7505853470215,-73.9946848154068,Manhattan,New York
40.7277140777778,-74.01129573583603,Manhattan,New York
40.75018156325683,-74.00218427181244,Manhattan,New York
40.74937024193277,-73.99923384189606,Manhattan,New York
40.72706363348306,-73.99662137031554,Manhattan,New York
40.72951496224949,-73.99075269699097,Manhattan,New York
40.78307,-73.95939,Manhattan,New York
40.7882213,-73.97041561,Manhattan,New York
40.781410700190015,-73.95595908164978,Manhattan,New York
40.78839,-73.9747,Manhattan,New York
40.7806284,-73.9521667,Manhattan,New York
40.778301,-73.9488134,Manhattan,New York
40.79017948095081,-73.97288918495178,Manhattan,New York
40.7779453,-73.946041,Manhattan,New York
40.7857851,-73.957481,Manhattan,New York
40.7921,-73.9739,Manhattan,New York
40.7835016,-73.955327,Manhattan,New York
40.79127,-73.964839,Manhattan,New York
40.782454175279874,-73.9489196240902,Manhattan,New York
40.6686627,-73.97988067,Brooklyn,Kings County
40.686371,-73.99383324,Brooklyn,Kings County
40.66514681533792,-73.97637605667114,Brooklyn,Kings County
40.7919557,-73.968087,Manhattan,New York
40.7969347,-73.9643412291,Manhattan,New York
40.6849894,-73.99440329,Brooklyn,Kings County
40.668127,-73.98377641,Brooklyn,Kings County
40.78112229934166,-73.94965589046478,Manhattan,New York
40.6662078,-73.98199886,Brooklyn,Kings County
40.7941654,-73.974124,Manhattan,New York
40.6861758,-73.99645295,Brooklyn,Kings County
40.7859201,-73.94860294,Manhattan,New York
40.663779,-73.98396846,Brooklyn,Kings County
40.68763155,-74.0016256,Brooklyn,Kings County
40.7817212,-73.94594,Manhattan,New York
40.6663181,-73.9854617,Brooklyn,Kings County
40.7937704,-73.971888,Manhattan,New York
40.6847514,-73.99917254,Brooklyn,Kings County
40.7989937,-73.9662173778,Manhattan,New York
40.6686273,-73.98700053,Brooklyn,Kings County
40.7839636,-73.9471673,Manhattan,New York
40.666287,-73.98895053,Brooklyn,Kings County
40.79406660818552,-73.96286845207214,Manhattan,New York
40.6831164,-73.99785267,Brooklyn,Kings County
40.668603,-73.9904394,Brooklyn,Kings County
40.7981856,-73.9605909006,Manhattan,New York
40.6685455,-73.99333264,Brooklyn,Kings County
40.7849032,-73.950503,Manhattan,New York
40.67434,-74.00194698,Brooklyn,Kings County
40.7877214,-73.94728331,Manhattan,New York
40.795,-73.9645,Manhattan,New York
40.6829151,-73.99318208,Brooklyn,Kings County
40.6725058,-74.00494695,Brooklyn,Kings County
40.8013434,-73.9711457439,Manhattan,New York
40.681990442707026,-73.99079024791718,Brooklyn,Kings County
40.6747055,-74.0075572,Brooklyn,Kings County
40.6772744,-73.98282002,Brooklyn,Kings County
40.787801,-73.953559,Manhattan,New York
40.67363551341504,-74.01195555925369,Brooklyn,Kings County
40.7862586,-73.94552579,Manhattan,New York
40.6765304,-73.97846879,Brooklyn,Kings County
40.6753274,-74.0100698,Brooklyn,Kings County
40.795346,-73.96186,Manhattan,New York
40.6777748,-74.0094613,Brooklyn,Kings County
40.7997568,-73.9621128676,Manhattan,New York
40.679043,-74.011169,Brooklyn,Kings County
40.78948541553215,-73.95242929458618,Manhattan,New York
40.675146838709786,-73.97523209452629,Brooklyn,Kings County
40.6773429,-74.01275056,Brooklyn,Kings County
40.677236,-74.015665,Brooklyn,Kings County
40.6729679,-73.97087984,Brooklyn,Kings County
40.7973721,-73.97041192,Manhattan,New York
40.7869946,-73.94164802,Manhattan,New York
40.67267243410948,-74.0087952464819,Brooklyn,Kings County
40.668132,-73.97363831,Brooklyn,Kings County
40.76800889305947,-73.96845281124115,Manhattan,New York
40.7746671,-73.98470567,Manhattan,New York
40.8008363,-73.9664492472,Manhattan,New York
40.6711978,-73.97484126,Brooklyn,Kings County
40.7691572,-73.96703464,Manhattan,New York
40.7829391,-73.9786517,Manhattan,New York
40.6740886,-73.9787282,Brooklyn,Kings County
40.7781314,-73.96069399,Manhattan,New York
40.7904828,-73.95033068,Manhattan,New York
40.6751622,-73.9814832,Brooklyn,Kings County
40.6703837,-73.97839676,Brooklyn,Kings County
40.8021174,-73.9681805305,Manhattan,New York
40.7922553,-73.95249933,Manhattan,New York
40.6728155,-73.98352355,Brooklyn,Kings County
40.7724607,-73.9468208,Manhattan,New York
40.7727966,-73.95577801,Manhattan,New York
40.674613422475815,-73.98501142859459,Brooklyn,Kings County
40.7689738,-73.95482273,Manhattan,New York
40.6750705,-73.98775226,Brooklyn,Kings County
40.799484,-73.955613,Manhattan,New York
40.7699426,-73.96060712,Manhattan,New York
40.76471851944339,-73.96222069859505,Manhattan,New York
40.6786115,-73.99037292,Brooklyn,Kings County
40.773763,-73.96222088,Manhattan,New York
40.7903051,-73.94755757,Manhattan,New York
40.6777287,-73.99364123,Brooklyn,Kings County
40.680611,-73.99475825,Brooklyn,Kings County
40.804213,-73.96699104,Manhattan,New York
40.6787242,-73.99599099,Brooklyn,Kings County
40.6809591,-73.99905709,Brooklyn,Kings County
40.7934337,-73.94945003,Manhattan,New York
40.6828003,-73.99990419,Brooklyn,Kings County
40.6830456,-74.00348559,Brooklyn,Kings County
40.79329668,-73.9432083,Manhattan,New York
40.7892529,-73.93956237,Manhattan,New York
40.6812117,-74.00860912,Brooklyn,Kings County
40.6794327,-74.00785041,Brooklyn,Kings County
40.6769993,-74.00647134,Brooklyn,Kings County
40.6763744,-74.00324957,Brooklyn,Kings County
40.6783563,-74.00014502,Brooklyn,Kings County
40.6763947,-73.99869893,Brooklyn,Kings County
40.6746957,-73.99785768,Brooklyn,Kings County
40.67260298150126,-73.98983001708984,Brooklyn,Kings County
40.7961535,-73.94782145,Manhattan,New York
40.6724811,-73.99331394,Brooklyn,Kings County
40.6902375,-73.99203074,Brooklyn,Kings County
40.6705135,-73.98876585,Brooklyn,Kings County
40.6704922,-73.98541675,Brooklyn,Kings County
40.6704836,-73.98208968,Brooklyn,Kings County
40.67909799721684,-73.98765474557877,Brooklyn,Kings County
40.6881529,-73.99520919,Brooklyn,Kings County
40.6867443,-73.99063168,Brooklyn,Kings County
40.6864442,-73.98759104,Brooklyn,Kings County
40.6849668,-73.98620772,Brooklyn,Kings County
40.6853761,-73.98302136,Brooklyn,Kings County
40.6827549,-73.98258555,Brooklyn,Kings County
40.680944723477296,-73.97567331790923,Brooklyn,Kings County
40.6793307,-73.97519523,Brooklyn,Kings County
40.6795766,-73.97854971,Brooklyn,Kings County
40.6750207,-73.97111473,Brooklyn,Kings County
40.6792788,-73.98154004,Brooklyn,Kings County
40.6802133,-73.98432695,Brooklyn,Kings County
40.6843549,-73.98901629,Brooklyn,Kings County
40.6859296,-74.00242364,Brooklyn,Kings County
40.6610633719006,-73.97945255041122,Brooklyn,Kings County
40.791976,-73.945993,Manhattan,New York
40.7892105,-73.94370784,Manhattan,New York
40.72430527250332,-73.99600982666016,Manhattan,New York
40.68506807308177,-73.97790759801863,Brooklyn,Kings County
40.71907891179564,-73.94223690032959,Brooklyn,Kings County
40.746524,-73.977885,Manhattan,New York
40.66906013501107,-73.99463653564453,Brooklyn,Kings County
40.79025417330419,-73.97718340158461,Manhattan,New York
40.718822,-73.99596,Manhattan,New York
40.79313480986663,-73.97700369358063,Manhattan,New York
40.772248537721744,-73.95842134952545,Manhattan,New York
40.692418292578466,-73.98949474096298,Brooklyn,Kings County
40.752957,-74.00264,Manhattan,New York
40.76132983124814,-73.97982001304626,Manhattan,New York
40.76703432309872,-73.95622730255127,Manhattan,New York
40.721462562298164,-73.94800901412964,Brooklyn,Kings County
40.71915571696044,-73.94885390996933,Brooklyn,Kings County
40.71335226222875,-73.9491033554077,Brooklyn,Kings County
40.7103685423523,-73.94705951213837,Brooklyn,Kings County
40.68680820503432,-73.98036181926727,Brooklyn,Kings County
40.71638031973561,-73.94821286201477,Brooklyn,Kings County
40.76309387270797,-73.9783501625061,Manhattan,New York
40.75763227739443,-73.96930575370789,Manhattan,New York
40.714851505262516,-74.01122331619263,Manhattan,New York
40.75118387463277,-73.97138714790344,Manhattan,New York
40.735367055605394,-73.98797392845154,Manhattan,New York
40.75668720603179,-73.98257732391357,Manhattan,New York
40.72494672359416,-74.00165855884552,Manhattan,New York
40.7303801,-73.9747502,Manhattan,New York
40.73181401720966,-73.95995020866394,Brooklyn,Kings County
40.742753828659026,-74.00747358798981,Manhattan,New York
40.7252556952547,-74.00412082672119,Manhattan,New York
40.65539977447831,-74.01062786579132,Brooklyn,Kings County
40.65708866668485,-74.00870203971863,Brooklyn,Kings County
40.725208,-73.974724,Manhattan,New York
40.688417427540834,-73.98451656103134,Brooklyn,Kings County
40.71069994631387,-74.00354146957397,Manhattan,New York
40.796879,-73.937261,Manhattan,New York
40.79747,-73.93504,Manhattan,New York
40.8005385,-73.9419949,Manhattan,New York
40.799139,-73.9389152,Manhattan,New York
40.797911,-73.9423,Manhattan,New York
40.7945663,-73.9362541,Manhattan,New York
40.7923272,-73.9383,Manhattan,New York
40.7949879,-73.9333349,Manhattan,New York
40.7974772,-73.9311847,Manhattan,New York
40.8006721,-73.9349,Manhattan,New York
40.7989445,-73.944846,Manhattan,New York
40.8014866,-73.9442507,Manhattan,New York
40.7954121,-73.9441232,Manhattan,New York
40.80295,-73.942954,Manhattan,New York
40.8029263,-73.9379,Manhattan,New York
40.805726,-73.936322,Manhattan,New York
40.8013066,-73.9398167,Manhattan,New York
40.8045555,-73.9396861,Manhattan,New York
40.809725,-73.953149,Manhattan,New York
40.8011939,-73.9500739,Manhattan,New York
40.8078316,-73.949373,Manhattan,New York
40.802535,-73.9532423,Manhattan,New York
40.7747175,-73.9337894,Queens,Queens County
40.774645,-73.923706,Queens,Queens County
40.7767,-73.927631,Queens,Queens County
40.774591,-73.918544,Queens,Queens County
40.7699176,-73.9184057,Queens,Queens County
40.7711528,-73.9170074,Queens,Queens County
40.808442,-73.9452087,Manhattan,New York
40.804372,-73.951475,Manhattan,New York
40.7987859,-73.9523,Manhattan,New York
40.7701477,-73.9120938,Queens,Queens County
40.7729,-73.916142,Queens,Queens County
40.7774552,-73.9225403,Queens,Queens County
40.776165,-73.9153175,Queens,Queens County
40.7747878,-73.9125551,Queens,Queens County
40.80698,-73.941747,Manhattan,New York
40.7713937,-73.9077436,Queens,Queens County
40.8107922,-73.9430681,Manhattan,New York
40.7787185,-73.9145645,Queens,Queens County
40.8125511,-73.9492286,Manhattan,New York
40.78145,-73.9183302,Queens,Queens County
40.8114323,-73.9518776,Manhattan,New York
40.805159,-73.954692,Manhattan,New York
40.804038,-73.945925,Manhattan,New York
40.8082,-73.9641,Manhattan,New York
40.6809741,-73.9710097,Brooklyn,Kings County
40.802692,-73.96295,Manhattan,New York
40.8067581,-73.9607082,Manhattan,New York
40.81,-73.9551508,Manhattan,New York
40.813358,-73.956461,Manhattan,New York
40.8086249,-73.9596214,Manhattan,New York
40.81028506306003,-73.95736455917358,Manhattan,New York
40.6804836,-73.9646795,Brooklyn,Kings County
40.8120562,-73.9612547,Manhattan,New York
40.6791944,-73.9587903,Brooklyn,Kings County
40.8143256,-73.9590255,Manhattan,New York
40.678045,-73.962408,Brooklyn,Kings County
40.795508,-73.941606,Manhattan,New York
40.805973,-73.964928,Manhattan,New York
40.801694,-73.957145,Manhattan,New York
40.7552433,-73.9485678,Queens,Queens County
40.751047,-73.93797,Queens,Queens County
40.7527085,-73.9397405,Queens,Queens County
40.75742,-73.945133,Queens,Queens County
40.6794388,-73.9680438,Brooklyn,Kings County
40.7576314,-73.9391224,Queens,Queens County
40.754876,-73.934326,Queens,Queens County
40.7531106,-73.9279917,Queens,Queens County
40.6765198,-73.9596082,Brooklyn,Kings County
40.757186,-73.932719,Queens,Queens County
40.7601853,-73.9362726,Queens,Queens County
40.7614376,-73.9411265,Queens,Queens County
40.7596276,-73.9321455,Queens,Queens County
40.7627442,-73.9391141,Queens,Queens County
40.7569332,-73.9262231,Queens,Queens County
40.6758324,-73.9561677,Brooklyn,Kings County
40.7557327,-73.9236611,Queens,Queens County
40.676368,-73.952918,Brooklyn,Kings County
40.756913,-73.921631,Queens,Queens County
40.7580583,-73.9242751,Queens,Queens County
40.6769694,-73.96579,Brooklyn,Kings County
40.76108,-73.930562,Queens,Queens County
40.6767,-73.969024,Brooklyn,Kings County
40.7628138,-73.9342862,Queens,Queens County
40.6741806,-73.9564947,Brooklyn,Kings County
40.672695,-73.954131,Brooklyn,Kings County
40.6737236,-73.9631611,Brooklyn,Kings County
40.6740123,-73.9671457,Brooklyn,Kings County
40.6721683,-73.9609,Brooklyn,Kings County
40.6716493,-73.9631145,Brooklyn,Kings County
40.6707767,-73.9576801,Brooklyn,Kings County
40.6691783,-73.9554162,Brooklyn,Kings County
40.7638753,-73.9364848,Queens,Queens County
40.6686744,-73.9618148,Brooklyn,Kings County
40.7671863,-73.9373554,Queens,Queens County
40.7668,-73.9347774,Queens,Queens County
40.6679411,-73.9588,Brooklyn,Kings County
40.7659,-73.930819,Queens,Queens County
40.7633589,-73.9286471,Queens,Queens County
40.761584,-73.925921,Queens,Queens County
40.6661649,-73.9593484,Brooklyn,Kings County
40.760339,-73.9222427,Queens,Queens County
40.6642406,-73.9574686,Brooklyn,Kings County
40.7577284,-73.9166368,Queens,Queens County
40.7595701,-73.9142678,Queens,Queens County
40.66314,-73.9605695,Brooklyn,Kings County
40.6627059,-73.9569115,Brooklyn,Kings County
40.763154,-73.920827,Queens,Queens County
40.7647,-73.9240312,Queens,Queens County
40.6630619,-73.9538746,Brooklyn,Kings County
40.7658346,-73.9265474,Queens,Queens County
40.74252,-73.948852,Queens,Queens County
40.7682,-73.9322662,Queens,Queens County
40.7692475,-73.9354504,Queens,Queens County
40.770845,-73.934171,Queens,Queens County
40.7449067,-73.9534573,Queens,Queens County
40.7703743,-73.9286078,Queens,Queens County
40.745038,-73.957539,Queens,Queens County
40.768692,-73.9249574,Queens,Queens County
40.748,-73.9460927,Queens,Queens County
40.7656251,-73.9136695,Queens,Queens County
40.7671,-73.9169858,Queens,Queens County
40.7485,-73.941275,Queens,Queens County
40.7713615,-73.9246145,Queens,Queens County
40.7519071,-73.9479119,Queens,Queens County
40.7739825,-73.9309134,Queens,Queens County
40.80756,-73.939182,Manhattan,New York
40.8109494,-73.9634,Manhattan,New York
40.7525758,-73.9364281,Queens,Queens County
40.809495347779475,-73.94776493310928,Manhattan,New York
40.666563,-73.956741,Brooklyn,Kings County
40.728048571362606,-73.97881150245667,Manhattan,New York
40.75462324029105,-73.99516761302948,Manhattan,New York
40.683238654603414,-73.96599590778351,Brooklyn,Kings County
40.74286877312112,-73.98918628692627,Manhattan,New York
40.78728519860952,-73.95012259483337,Manhattan,New York
40.75272201381188,-73.98123621940613,Manhattan,New York
40.67581622522832,-74.01488184928894,Brooklyn,Kings County
40.76315481910373,-73.93985509872437,Queens,Queens County
40.74128309355993,-73.93725872039794,Queens,Queens County
40.697950315695444,-73.97077560424805,Brooklyn,Kings County
40.814394437915816,-73.95324736833572,Manhattan,New York
40.75820464696758,-73.92832159996033,Queens,Queens County
40.75186951421875,-73.93349289894103,Queens,Queens County
40.72307749068673,-73.98583620786667,Manhattan,New York
40.7435337324616,-74.00367558002472,Manhattan,New York
40.74294891660091,-74.00413691997528,Manhattan,New York
40.741021509002664,-74.001384973526,Manhattan,New York
40.666439306870814,-73.9605563879013,Brooklyn,Kings County
40.761293897289086,-73.916916847229,Queens,Queens County
40.67716489469059,-73.973827958107,Brooklyn,Kings County
40.72019521437465,-74.0103006362915,Manhattan,New York
40.66979964220026,-73.99497985839844,Brooklyn,Kings County
40.76302594280519,-73.97209525108337,Manhattan,New York
40.65659567482039,-74.00849282741547,Brooklyn,Kings County
40.7423737,-73.9566,Queens,Queens County
40.71644423134479,-73.9823305606842,Manhattan,New York
40.78813,-73.95206,Manhattan,New York
40.7239567849954,-73.94984364509583,Brooklyn,Kings County
40.67630357634183,-74.00314047932625,Brooklyn,Kings County
40.774779448957275,-73.95427465438843,Manhattan,New York
40.66976709185003,-73.99474382400513,Brooklyn,Kings County
40.701403172577244,-73.98672670125961,Brooklyn,Kings County
40.686931,-74.016966,Manhattan,New York
40.69231660719192,-74.01486575603485,Manhattan,New York
40.68512559515415,-74.02535319328308,Manhattan,New York
40.8025566,-73.9490782,Manhattan,New York
40.67759206937376,-73.955637216568,Brooklyn,Kings County
40.754120810779256,-73.98025184869766,Manhattan,New York
40.759030082196055,-73.99385869503021,Manhattan,New York
40.766425527028794,-73.92062902450562,Queens,Queens County
40.784596798848916,-73.94968539476395,Manhattan,New York
40.6758329439129,-74.01472628116608,Brooklyn,Kings County
40.71015471094912,-73.98453533649443,Manhattan,New York
40.73756121181137,-74.00398269295692,Manhattan,New York
40.66065236872916,-73.9645904302597,Brooklyn,Kings County
40.739448201304036,-74.00507032871246,Manhattan,New York
40.68683208,-73.9796772,Brooklyn,Kings County
40.662907768316856,-73.99972200393677,Brooklyn,Kings County
40.74322681432173,-73.97449783980846,Manhattan,New York
40.757920208794026,-73.96638214588165,Manhattan,New York
40.799041392882984,-73.96649479866028,Manhattan,New York
40.76408932350688,-73.91065120697021,Queens,Queens County
40.699997484388504,-73.97440128028393,Brooklyn,Kings County
40.76817546742245,-73.95910263061523,Manhattan,New York
40.71334184275907,-74.00935515761375,Manhattan,New York
40.72248188638219,-73.95921930670738,Brooklyn,Kings County
40.72686951528207,-73.98919031023979,Manhattan,New York
40.77515953434235,-73.98918695747852,Manhattan,New York
40.763604677958625,-73.98917958140373,Manhattan,New York
40.77940608529787,-73.95333588123322,Manhattan,New York
40.70831794366396,-74.00504082441329,Manhattan,New York
40.72840059450829,-73.99968780577183,Manhattan,New York
40.7437524099784,-73.94176483154297,Queens,Queens County
40.7568001,-73.98291153,Manhattan,New York
40.8038654,-73.9559308,Manhattan,New York
40.77314236,-73.95856158,Manhattan,New York
40.738046142482766,-73.99642959237099,Manhattan,New York
40.72966729392978,-73.98067966103554,Manhattan,New York
40.754691750226016,-73.99740189313889,Manhattan,New York
40.70684203101325,-73.9544353965357,Brooklyn,Kings County
40.71816969454208,-73.95520135760307,Brooklyn,Kings County
40.753599202005596,-73.93795609474182,Queens,Queens County
40.77149671054441,-73.99046033620834,Manhattan,New York
40.72746420692392,-73.97950418293476,Manhattan,New York
40.68322254161595,-73.9738118648529,Brooklyn,Kings County
40.7675487799971,-73.9209334552288,Queens,Queens County
40.68461653897949,-73.98721285164356,Brooklyn,Kings County
40.695317277669034,-73.99015724658966,Brooklyn,Kings County
40.7667405590595,-73.9790689945221,Manhattan,New York
40.7687620293096,-73.95840793848038,Manhattan,New York
40.743366080270214,-73.95960688591003,Queens,Queens County
40.69535693320225,-73.99344027042389,Brooklyn,Kings County
40.71146364,-74.00552427,Manhattan,New York
40.717847984177276,-73.94752018153667,Brooklyn,Kings County
40.71766197083994,-73.94880026578903,Brooklyn,Kings County
40.6776147,-73.97324283,Brooklyn,Kings County
40.75022392,-73.97121414,Manhattan,New York
40.730563,-73.973984,Manhattan,New York
40.720747,-73.986274,Manhattan,New York
40.75651272984955,-73.92957486212252,Queens,Queens County
40.741459,-73.983293,Manhattan,New York
40.735445,-73.99431,Manhattan,New York
40.77755374298887,-73.95512759685516,Manhattan,New York
40.724308321602166,-74.00473035871983,Manhattan,New York
40.759125,-73.962658,Manhattan,New York
40.747573958954796,-73.9788007736206,Manhattan,New York
40.704508,-73.9351,Brooklyn,Kings County
40.710681,-73.93372,Brooklyn,Kings County
40.702997,-73.92997,Brooklyn,Kings County
40.705614,-73.92153,Brooklyn,Kings County
40.697842,-73.926241,Brooklyn,Kings County
40.70538,-73.92535,Brooklyn,Kings County
40.69064807082943,-73.95746178925037,Brooklyn,Kings County
40.707165,-73.923711,Brooklyn,Kings County
40.706237,-73.933871,Brooklyn,Kings County
40.700003,-73.92834,Brooklyn,Kings County
40.71323,-73.93894,Brooklyn,Kings County
40.677027,-73.9865,Brooklyn,Kings County
40.713811,-73.93515,Brooklyn,Kings County
40.707174,-73.93581,Brooklyn,Kings County
40.702013,-73.923769,Brooklyn,Kings County
40.715353,-73.93856,Brooklyn,Kings County
40.705517,-73.93936,Brooklyn,Kings County
40.68841,-73.979458,Brooklyn,Kings County
40.698568,-73.918877,Brooklyn,Kings County
40.71019,-73.93734,Brooklyn,Kings County
40.709897,-73.94008,Brooklyn,Kings County
40.702831,-73.9333,Brooklyn,Kings County
40.7003,-73.991581,Brooklyn,Kings County
40.69985,-73.97141,Brooklyn,Kings County
40.70539,-73.92976,Brooklyn,Kings County
40.704425,-73.92836,Brooklyn,Kings County
40.699304,-73.923044,Brooklyn,Kings County
40.73269,-73.98974,Manhattan,New York
40.7027,-73.92095,Brooklyn,Kings County
40.74177603,-74.00149746,Manhattan,New York
40.698458,-73.997178,Brooklyn,Kings County
40.704876,-73.919911,Brooklyn,Kings County
40.74317449,-74.00366443,Manhattan,New York
40.70838,-74.00495,Manhattan,New York
40.671907,-73.993612,Brooklyn,Kings County
40.732339777151054,-73.97898383438587,Manhattan,New York
40.75066386,-74.00176802,Manhattan,New York
40.68186,-73.959432,Brooklyn,Kings County
40.74964,-73.98805,Manhattan,New York
40.752269,-73.982079,Manhattan,New York
40.665816,-73.956934,Brooklyn,Kings County
40.702461,-73.986842,Brooklyn,Kings County
40.75934501,-73.96759673,Manhattan,New York
40.789622,-73.97757,Manhattan,New York
40.72456089,-73.99565293,Manhattan,New York
40.763201,-73.978458,Manhattan,New York
40.782593,-73.971211,Manhattan,New York
40.763189,-73.978434,Manhattan,New York
40.776173,-73.959757,Manhattan,New York
40.77485,-73.9342,Queens,Queens County
40.75645824,-73.99372222,Manhattan,New York
40.734814,-73.992085,Manhattan,New York
40.69502,-73.92825,Brooklyn,Kings County
40.70076,-73.93641,Brooklyn,Kings County
40.70106,-73.93318,Brooklyn,Kings County
40.70099,-73.93921,Brooklyn,Kings County
40.73124,-73.95161,Brooklyn,Kings County
40.716657,-73.93637,Brooklyn,Kings County
40.69757,-73.93098,Brooklyn,Kings County
40.72984,-73.94839,Brooklyn,Kings County
40.71773,-73.94051,Brooklyn,Kings County
40.70686,-73.92851,Brooklyn,Kings County
40.73396,-73.95204,Brooklyn,Kings County
40.71429,-73.93323,Brooklyn,Kings County
40.72158,-73.94546,Brooklyn,Kings County
40.70907,-73.92157,Brooklyn,Kings County
40.70636,-73.91945,Brooklyn,Kings County
40.69943,-73.91337,Brooklyn,Kings County
40.69905,-73.91516,Brooklyn,Kings County
40.69811,-73.90904,Brooklyn,Kings County
40.71882,-73.93948,Brooklyn,Kings County
40.69545,-73.91164,Brooklyn,Kings County
40.69544,-73.93223,Brooklyn,Kings County
40.70166,-73.92754,Brooklyn,Kings County
40.703545,-73.917775,Brooklyn,Kings County
40.70869,-73.92587,Brooklyn,Kings County
40.70108,-73.9179,Brooklyn,Kings County
40.70113,-73.91422,Brooklyn,Kings County
40.755293,-73.967641,Manhattan,New York
40.69671,-73.92807,Brooklyn,Kings County
40.71401,-73.92793,Brooklyn,Kings County
40.697481,-73.935877,Brooklyn,Kings County
40.69714,-73.91566,Brooklyn,Kings County
40.72577,-73.94173,Brooklyn,Kings County
40.69543,-73.9196,Brooklyn,Kings County
40.69356,-73.92524,Brooklyn,Kings County
40.69329,-73.92852,Brooklyn,Kings County
40.698,-73.9127,Brooklyn,Kings County
40.69676,-73.92302,Brooklyn,Kings County
40.818299,-73.960405,Manhattan,New York
40.692,-73.92617,Brooklyn,Kings County
40.69146,-73.92146,Brooklyn,Kings County
40.69296,-73.91605,Brooklyn,Kings County
40.69467,-73.90663,Brooklyn,Kings County
40.68929,-73.90951,Brooklyn,Kings County
40.69081,-73.90448,Brooklyn,Kings County
40.68458,-73.90925,Brooklyn,Kings County
40.68565,-73.91564,Brooklyn,Kings County
40.69047,-73.923511,Brooklyn,Kings County
40.68822,-73.91966,Brooklyn,Kings County
40.6882,-73.90798,Brooklyn,Kings County
40.68652,-73.91321,Brooklyn,Kings County
40.693,-73.90824,Brooklyn,Kings County
40.69122,-73.91693,Brooklyn,Kings County
40.69385,-73.90974,Brooklyn,Kings County
40.69055,-73.91181,Brooklyn,Kings County
40.68858,-73.91227,Brooklyn,Kings County
40.68906,-73.90506,Brooklyn,Kings County
40.761573,-73.972628,Manhattan,New York
40.714211,-73.981095,Manhattan,New York
40.68281,-73.90623,Brooklyn,Kings County
40.68319988172761,-73.91166642308235,Brooklyn,Kings County
40.694281141397326,-73.99230033159256,Brooklyn,Kings County
40.6786,-73.90369,Brooklyn,Kings County
40.68139,-73.90756,Brooklyn,Kings County
40.75828065,-73.97069431,Manhattan,New York
40.69517,-73.90311,Queens,Queens County
40.70577,-73.91292,Queens,Queens County
40.701573408737914,-73.90876293182373,Queens,Queens County
40.69812,-73.90271,Queens,Queens County
40.75473,-73.93367,Queens,Queens County
40.69922,-73.89795,Queens,Queens County
40.72084,-73.94844,Brooklyn,Kings County
40.70461,-73.91054,Queens,Queens County
40.763954,-73.9646,Manhattan,New York
40.70068,-73.90742,Queens,Queens County
40.72226,-73.93889,Brooklyn,Kings County
40.6988,-73.9007,Queens,Queens County
40.70553,-73.9096,Queens,Queens County
40.70413,-73.90737,Queens,Queens County
40.70183,-73.90625,Queens,Queens County
40.67945,-73.90474,Brooklyn,Kings County
40.7098,-73.91727,Queens,Queens County
40.68663,-73.9168,Brooklyn,Kings County
40.70463,-74.01507,Manhattan,New York
40.70998,-73.91116,Queens,Queens County
40.71246,-73.91873,Queens,Queens County
40.6972,-73.90674,Queens,Queens County
40.68989,-73.91458,Brooklyn,Kings County
40.72795,-73.95414,Brooklyn,Kings County
40.70555,-73.90245,Queens,Queens County
40.70793,-73.91092,Queens,Queens County
40.70112,-73.93039,Brooklyn,Kings County
40.735918,-74.000939,Manhattan,New York
40.758397,-73.98255,Manhattan,New York
40.725864,-73.986389,Manhattan,New York
40.70863,-73.91497,Queens,Queens County
40.70694,-73.90632,Queens,Queens County
40.680,-73.995,Brooklyn,Kings County
40.698,-73.992,Brooklyn,Kings County
40.752,-73.995,Manhattan,New York
40.755,-74.001,Manhattan,New York
40.770,-73.989,Manhattan,New York
40.75492,-73.98455,Manhattan,New York
40.734,-74.007,Manhattan,New York
40.743,-74.004,Manhattan,New York
40.737,-73.989,Manhattan,New York
40.731,-73.983,Manhattan,New York
40.734,-73.986,Manhattan,New York
40.722,-73.995,Manhattan,New York
40.726378,-74.000472,Manhattan,New York
40.764,-73.983,Manhattan,New York
40.752,-73.989,Manhattan,New York
40.767,-73.989,Manhattan,New York
40.752,-73.977,Manhattan,New York
40.743,-73.977,Manhattan,New York
40.749,-73.977,Manhattan,New York
40.69969,-73.9022,Queens,Queens County
40.709697,-73.907856,Queens,Queens County
40.737,-73.977,Manhattan,New York
40.734,-73.977,Manhattan,New York
40.716,-73.992,Manhattan,New York
40.710,-74.007,Manhattan,New York
40.740,-73.986,Manhattan,New York
40.755,-73.989,Manhattan,New York
40.761,-73.989,Manhattan,New York
40.764,-73.998,Manhattan,New York
40.749,-73.989,Manhattan,New York
40.70408,-73.90408,Queens,Queens County
40.758,-73.998,Manhattan,New York
40.761,-73.998,Manhattan,New York
40.716,-74.016,Manhattan,New York
40.713,-74.010,Manhattan,New York
40.746,-73.998,Manhattan,New York
40.746,-73.986,Manhattan,New York
40.749,-73.983,Manhattan,New York
40.758,-73.977,Manhattan,New York
40.728,-73.995,Manhattan,New York
40.737,-74.007,Manhattan,New York
40.731,-73.992,Manhattan,New York
40.731,-73.980,Manhattan,New York
40.722,-73.986,Manhattan,New York
40.719,-73.989,Manhattan,New York
40.761,-73.968,Manhattan,New York
40.767,-73.977,Manhattan,New York
40.800,-73.956,Manhattan,New York
40.764,-73.974,Manhattan,New York
40.791,-73.953,Manhattan,New York
40.797,-73.971,Manhattan,New York
40.683426,-73.984275,Brooklyn,Kings County
40.803,-73.956,Manhattan,New York
40.776,-73.983,Manhattan,New York
40.782,-73.950,Manhattan,New York
40.761,-73.962,Manhattan,New York
40.728,-73.953,Brooklyn,Kings County
40.716,-73.935,Brooklyn,Kings County
40.704,-73.926,Brooklyn,Kings County
40.695,-73.950,Brooklyn,Kings County
40.692,-73.944,Brooklyn,Kings County
40.692,-73.950,Brooklyn,Kings County
40.692,-73.992,Brooklyn,Kings County
40.749,-73.992,Manhattan,New York
40.755,-73.992,Manhattan,New York
40.764,-73.971,Manhattan,New York
40.743,-73.998,Manhattan,New York
40.740,-73.998,Manhattan,New York
40.791,-73.965,Manhattan,New York
40.7903,-73.9597,Manhattan,New York
40.791,-73.968,Manhattan,New York
40.800,-73.962,Manhattan,New York
40.761,-73.980,Manhattan,New York
40.782,-73.986,Manhattan,New York
40.732647,-73.99011,Manhattan,New York
40.788,-73.953,Manhattan,New York
40.809,-73.959,Manhattan,New York
40.746,-74.007,Manhattan,New York
40.714193,-73.996732,Manhattan,New York
40.719383,-73.991479,Manhattan,New York
40.755,-73.974,Manhattan,New York
40.743,-73.980,Manhattan,New York
40.749,-73.986,Manhattan,New York
40.761,-73.995,Manhattan,New York
40.743,-73.983,Manhattan,New York
40.737,-73.983,Manhattan,New York
40.737,-73.992,Manhattan,New York
40.734,-73.992,Manhattan,New York
40.692,-73.983,Brooklyn,Kings County
40.701,-73.932,Brooklyn,Kings County
40.719,-74.001,Manhattan,New York
40.710,-73.950,Brooklyn,Kings County
40.716,-73.962,Brooklyn,Kings County
40.716,-73.959,Brooklyn,Kings County
40.731,-73.953,Brooklyn,Kings County
40.727243,-73.976831,Manhattan,New York
40.743,-73.950,Queens,Queens County
40.743,-73.956,Queens,Queens County
40.746,-73.944,Queens,Queens County
40.746,-73.950,Queens,Queens County
40.746,-73.959,Manhattan,New York
40.69178,-73.97877,Brooklyn,Kings County
40.708485,-74.002751,Manhattan,New York
40.719,-73.959,Brooklyn,Kings County
40.722,-73.953,Brooklyn,Kings County
40.746,-73.935,Queens,Queens County
40.72387,-73.975767,Manhattan,New York
40.725,-73.947,Brooklyn,Kings County
40.725,-73.950,Brooklyn,Kings County
40.722,-73.944,Brooklyn,Kings County
40.719,-73.956,Brooklyn,Kings County
40.72170005235607,-74.00238141417502,Manhattan,New York
40.699569,-73.979827,Brooklyn,Kings County
40.743,-73.953,Queens,Queens County
40.737,-73.953,Brooklyn,Kings County
40.716,-73.944,Brooklyn,Kings County
40.725,-73.944,Brooklyn,Kings County
40.783786,-73.981687,Manhattan,New York
40.698,-73.971,Brooklyn,Kings County
40.692,-73.980,Brooklyn,Kings County
40.698,-73.974,Brooklyn,Kings County
40.689,-73.989,Brooklyn,Kings County
40.686,-73.977,Brooklyn,Kings County
40.677,-73.965,Brooklyn,Kings County
40.680,-73.968,Brooklyn,Kings County
40.689,-73.959,Brooklyn,Kings County
40.695,-73.989,Brooklyn,Kings County
40.731,-73.947,Brooklyn,Kings County
40.722,-73.956,Brooklyn,Kings County
40.710,-73.962,Brooklyn,Kings County
40.713,-73.962,Brooklyn,Kings County
40.707,-73.947,Brooklyn,Kings County
40.713,-73.950,Brooklyn,Kings County
40.7611488,-73.9170071,Queens,Queens County
40.686,-73.983,Brooklyn,Kings County
40.689,-73.986,Brooklyn,Kings County
40.704,-73.989,Brooklyn,Kings County
40.695,-73.992,Brooklyn,Kings County
40.689,-73.992,Brooklyn,Kings County
40.698,-73.986,Brooklyn,Kings County
40.701,-73.971,Brooklyn,Kings County
40.674,-73.974,Brooklyn,Kings County
40.677,-73.974,Brooklyn,Kings County
40.674,-73.962,Brooklyn,Kings County
40.665,-73.977,Brooklyn,Kings County
40.695,-73.962,Brooklyn,Kings County
40.752474,-73.939991,Queens,Queens County
40.719,-74.007,Manhattan,New York
40.692,-73.986,Brooklyn,Kings County
40.677,-73.956,Brooklyn,Kings County
40.671,-73.959,Brooklyn,Kings County
40.662,-73.980,Brooklyn,Kings County
40.734,-73.995,Manhattan,New York
40.731,-73.995,Manhattan,New York
40.746,-74.001,Manhattan,New York
40.761,-73.983,Manhattan,New York
40.773,-73.983,Manhattan,New York
40.773,-73.950,Manhattan,New York
40.779,-73.947,Manhattan,New York
40.779,-73.953,Manhattan,New York
40.770,-73.953,Manhattan,New York
40.743,-73.974,Manhattan,New York
40.761,-73.992,Manhattan,New York
40.779,-73.980,Manhattan,New York
40.740,-73.974,Manhattan,New York
40.749,-73.974,Manhattan,New York
40.740,-73.983,Manhattan,New York
40.770,-73.983,Manhattan,New York
40.779,-73.977,Manhattan,New York
40.767,-73.953,Manhattan,New York
40.755,-73.980,Manhattan,New York
40.758,-73.995,Manhattan,New York
40.767,-73.986,Manhattan,New York
40.755,-73.986,Manhattan,New York
40.761,-73.986,Manhattan,New York
40.776,-73.986,Manhattan,New York
40.773,-73.956,Manhattan,New York
40.794,-73.962,Manhattan,New York
40.794,-73.974,Manhattan,New York
40.752694,-74.002353,Manhattan,New York
40.800,-73.950,Manhattan,New York
40.776,-73.944,Manhattan,New York
40.749,-74.004,Manhattan,New York
40.806,-73.962,Manhattan,New York
40.767,-73.980,Manhattan,New York
40.770,-73.965,Manhattan,New York
40.725,-74.004,Manhattan,New York
40.719,-74.010,Manhattan,New York
40.716,-74.010,Manhattan,New York
40.713,-73.998,Manhattan,New York
40.713,-73.980,Manhattan,New York
40.710,-74.010,Manhattan,New York
40.731,-73.959,Brooklyn,Kings County
40.737,-73.959,Brooklyn,Kings County
40.728,-73.959,Brooklyn,Kings County
40.710,-74.001,Manhattan,New York
40.716,-73.995,Manhattan,New York
40.704,-74.013,Manhattan,New York
40.713,-73.992,Manhattan,New York
40.734,-73.989,Manhattan,New York
40.752,-73.974,Manhattan,New York
40.761,-74.004,Manhattan,New York
40.719,-74.013,Manhattan,New York
40.752,-74.004,Manhattan,New York
40.767,-73.995,Manhattan,New York
40.728,-73.998,Manhattan,New York
40.767,-73.992,Manhattan,New York
40.701,-74.013,Manhattan,New York
40.728,-74.010,Manhattan,New York
40.722,-73.998,Manhattan,New York
40.674,-73.953,Brooklyn,Kings County
40.668,-73.974,Brooklyn,Kings County
40.680,-73.980,Brooklyn,Kings County
40.668,-73.989,Brooklyn,Kings County
40.689,-74.001,Brooklyn,Kings County
40.707,-73.941,Brooklyn,Kings County
40.70437,-74.00637,Manhattan,New York
40.707,-73.968,Brooklyn,Kings County
40.677,-73.968,Brooklyn,Kings County
40.686,-73.974,Brooklyn,Kings County
40.722,-73.980,Manhattan,New York
40.716,-73.989,Manhattan,New York
40.719,-73.995,Manhattan,New York
40.722,-73.977,Manhattan,New York
40.722,-73.983,Manhattan,New York
40.740,-74.004,Manhattan,New York
40.779,-73.989,Manhattan,New York
40.806,-73.965,Manhattan,New York
40.767,-73.965,Manhattan,New York
40.767,-73.971,Manhattan,New York
40.782,-73.953,Manhattan,New York
40.779,-73.959,Manhattan,New York
40.776,-73.965,Manhattan,New York
40.785,-73.971,Manhattan,New York
40.764,-73.989,Manhattan,New York
40.743,-74.001,Manhattan,New York
40.707,-74.016,Manhattan,New York
40.8428422,-73.9421253,Manhattan,New York
40.743,-74.007,Manhattan,New York
40.815,-73.959,Manhattan,New York
40.758,-73.962,Manhattan,New York
40.782,-73.959,Manhattan,New York
40.773,-73.962,Manhattan,New York
40.752,-73.968,Manhattan,New York
40.773,-73.968,Manhattan,New York
40.711444,-74.014847,Manhattan,New York
40.809,-73.950,Manhattan,New York
40.771771,-73.990625,Manhattan,New York
40.794,-73.965,Manhattan,New York
40.797,-73.947,Manhattan,New York
40.785,-73.983,Manhattan,New York
40.752,-73.983,Manhattan,New York
40.764,-73.986,Manhattan,New York
40.758,-73.959,Manhattan,New York
40.734,-74.004,Manhattan,New York
40.728,-73.980,Manhattan,New York
40.805631,-73.934077,Manhattan,New York
40.802554,-73.933509,Manhattan,New York
40.81734,-73.922962,The Bronx,Bronx County
40.805701,-73.925177,The Bronx,Bronx County
40.728,-73.986,Manhattan,New York
40.813619,-73.939336,Manhattan,New York
40.743,-73.995,Manhattan,New York
40.806414,-73.936085,Manhattan,New York
40.812191,-73.937838,Manhattan,New York
40.808484,-73.928803,The Bronx,Bronx County
40.810893,-73.927311,The Bronx,Bronx County
40.812346,-73.946168,Manhattan,New York
40.810224,-73.937195,Manhattan,New York
40.814469,-73.924963,The Bronx,Bronx County
40.816355,-73.954295,Manhattan,New York
40.816576,-73.927987,The Bronx,Bronx County
40.81014,-73.93973,Manhattan,New York
40.808384,-73.923604,The Bronx,Bronx County
40.81093,-73.921606,The Bronx,Bronx County
40.81449,-73.936153,Manhattan,New York
40.818215,-73.950988,Manhattan,New York
40.819746,-73.951819,Manhattan,New York
40.80262,-73.9174,The Bronx,Bronx County
40.805089,-73.918889,The Bronx,Bronx County
40.818477,-73.947568,Manhattan,New York
40.800425,-73.911034,The Bronx,Bronx County
40.800933,-73.913863,The Bronx,Bronx County
40.803399,-73.919763,The Bronx,Bronx County
40.813224,-73.930605,The Bronx,Bronx County
40.809619,-73.917875,The Bronx,Bronx County
40.804168,-73.911545,The Bronx,Bronx County
40.820036,-73.921411,The Bronx,Bronx County
40.812299,-73.92037,The Bronx,Bronx County
40.808891,-73.91081,The Bronx,Bronx County
40.811112,-73.914932,The Bronx,Bronx County
40.801657,-73.909513,The Bronx,Bronx County
40.811675,-73.917037,The Bronx,Bronx County
40.825125,-73.941616,Manhattan,New York
40.819783,-73.936521,Manhattan,New York
40.823168,-73.955857,Manhattan,New York
40.826969,-73.949738,Manhattan,New York
40.827305,-73.951989,Manhattan,New York
40.825244,-73.947257,Manhattan,New York
40.813135,-73.909235,The Bronx,Bronx County
40.707,-73.929,Brooklyn,Kings County
40.707,-73.935,Brooklyn,Kings County
40.814046,-73.91186,The Bronx,Bronx County
40.713,-73.965,Brooklyn,Kings County
40.816827,-73.917338,The Bronx,Bronx County
40.665,-73.989,Brooklyn,Kings County
40.656,-74.010,Brooklyn,Kings County
40.686,-73.953,Brooklyn,Kings County
40.692,-73.977,Brooklyn,Kings County
40.725,-73.983,Manhattan,New York
40.740,-73.980,Manhattan,New York
40.752,-73.941,Queens,Queens County
40.820877,-73.939249,Manhattan,New York
40.819241,-73.941057,Manhattan,New York
40.816234,-73.948222,Manhattan,New York
40.815484,-73.935856,Manhattan,New York
40.812735,-73.923697,The Bronx,Bronx County
40.820003,-73.959089,Manhattan,New York
40.812304,-73.929153,The Bronx,Bronx County
40.805559,-73.914718,The Bronx,Bronx County
40.758,-73.944,Queens,Queens County
40.776,-73.929,Queens,Queens County
40.680,-73.956,Brooklyn,Kings County
40.716,-73.947,Brooklyn,Kings County
40.81296,-73.941878,Manhattan,New York
40.813539,-73.94521,Manhattan,New York
40.807258,-73.907999,The Bronx,Bronx County
40.818,-73.917,The Bronx,Bronx County
40.807408,-73.91924,The Bronx,Bronx County
40.806,-73.908,The Bronx,Bronx County
40.809,-73.923,The Bronx,Bronx County
40.758,-73.923,Queens,Queens County
40.770,-73.935,Queens,Queens County
40.820681,-73.945144,Manhattan,New York
40.808633,-73.916124,The Bronx,Bronx County
40.821294,-73.947868,Manhattan,New York
40.806896,-73.911837,The Bronx,Bronx County
40.814673,-73.91839,The Bronx,Bronx County
40.683,-73.944,Brooklyn,Kings County
40.719,-73.950,Brooklyn,Kings County
40.686,-73.917,Brooklyn,Kings County
40.686,-73.914,Brooklyn,Kings County
40.704,-73.917,Brooklyn,Kings County
40.704,-73.905,Queens,Queens County
40.698,-73.899,Queens,Queens County
40.710,-73.917,Queens,Queens County
40.707,-73.923,Brooklyn,Kings County
40.713,-73.920,Queens,Queens County
40.710,-73.923,Brooklyn,Kings County
40.7639089,-73.9477213,Manhattan,New York
40.757284,-73.9536,Manhattan,New York
40.746,-73.983,Manhattan,New York
40.776,-73.980,Manhattan,New York
40.782,-73.980,Manhattan,New York
40.791,-73.974,Manhattan,New York
40.737,-74.010,Manhattan,New York
40.75370225419114,-73.95865201950072,Manhattan,New York
40.764,-73.959,Manhattan,New York
40.797,-73.938,Manhattan,New York
40.800,-73.941,Manhattan,New York
40.791,-73.947,Manhattan,New York
40.809,-73.938,Manhattan,New York
40.822756,-73.951346,Manhattan,New York
40.827075,-73.945909,Manhattan,New York
40.812,-73.938,Manhattan,New York
40.823498,-73.94386,Manhattan,New York
40.812,-73.923,The Bronx,Bronx County
40.814232,-73.903927,The Bronx,Bronx County
40.811314,-73.907729,The Bronx,Bronx County
40.816124,-73.908116,The Bronx,Bronx County
40.812,-73.914,The Bronx,Bronx County
40.815,-73.911,The Bronx,Bronx County
40.779,-73.950,Manhattan,New York
40.782,-73.947,Manhattan,New York
40.776,-73.950,Manhattan,New York
40.82281,-73.937413,Manhattan,New York
40.817555,-73.957163,Manhattan,New York
40.815887,-73.911918,The Bronx,Bronx County
40.75461,-73.99177,Manhattan,New York
40.77237,-73.99005,Manhattan,New York
40.807347437082,-73.90809774398804,The Bronx,Bronx County
40.81695971032464,-73.9422959089279,Manhattan,New York
40.8190344,-73.956156,Manhattan,New York
40.75863,-73.97513,Manhattan,New York
40.826406,-73.937948,Manhattan,New York
40.825289,-73.936232,Manhattan,New York
40.821111,-73.935971,Manhattan,New York
40.821728,-73.952761,Manhattan,New York
40.824013,-73.954743,Manhattan,New York
40.829114,-73.950426,Manhattan,New York
40.831327,-73.946665,Manhattan,New York
40.826881,-73.941427,Manhattan,New York
40.814383,-73.915368,The Bronx,Bronx County
40.82057,-73.917579,The Bronx,Bronx County
40.819609,-73.916071,The Bronx,Bronx County
40.817166,-73.914737,The Bronx,Bronx County
40.827212,-73.942722,Manhattan,New York
40.816402,-73.919549,The Bronx,Bronx County
40.817755,-73.92965,The Bronx,Bronx County
40.807466,-73.927107,The Bronx,Bronx County
40.829523,-73.944279,Manhattan,New York
40.819823,-73.912411,The Bronx,Bronx County
40.82188,-73.907521,The Bronx,Bronx County
40.820713,-73.911759,The Bronx,Bronx County
40.830476,-73.939929,Manhattan,New York
40.81899,-73.90202,The Bronx,Bronx County
40.830702,-73.936371,Manhattan,New York
40.82831,-73.942924,Manhattan,New York
40.75969995906254,-73.97808194160461,Manhattan,New York
40.832314,-73.94102,Manhattan,New York
40.75793646243674,-73.97960275411606,Manhattan,New York
40.82923,-73.936996,Manhattan,New York
40.839278,-73.945446,Manhattan,New York
40.834468,-73.939865,Manhattan,New York
40.83618,-73.939789,Manhattan,New York
40.817802,-73.905203,The Bronx,Bronx County
40.84004,-73.942939,Manhattan,New York
40.839137,-73.941409,Manhattan,New York
40.820302,-73.903944,The Bronx,Bronx County
40.84522,-73.940493,Manhattan,New York
40.782535857724106,-73.97908508777618,Manhattan,New York
40.842173,-73.935111,Manhattan,New York
40.81989,-73.908351,The Bronx,Bronx County
40.842941,-73.938631,Manhattan,New York
40.835775,-73.9434,Manhattan,New York
40.832081,-73.942386,Manhattan,New York
40.78476,-73.969862,Manhattan,New York
40.833303,-73.939326,Manhattan,New York
40.838191,-73.936085,Manhattan,New York
40.839443,-73.937044,Manhattan,New York
40.835798,-73.937496,Manhattan,New York
40.844044,-73.933651,Manhattan,New York
40.848282,-73.941343,Manhattan,New York
40.846052,-73.937648,Manhattan,New York
40.848467,-73.936064,Manhattan,New York
40.847305,-73.933291,Manhattan,New York
40.847396,-73.931205,Manhattan,New York
40.742684734875695,-73.98671329021454,Manhattan,New York
40.830663,-73.941323,Manhattan,New York
40.818212,-73.955277,Manhattan,New York
40.852252,-73.937854,Manhattan,New York
40.788664991278836,-73.96680057048798,Manhattan,New York
40.79249519495111,-73.96417066463071,Manhattan,New York
40.796036841599836,-73.96158903853575,Manhattan,New York
40.849972,-73.938423,Manhattan,New York
40.84925,-73.93022,Manhattan,New York
40.828847,-73.91769,The Bronx,Bronx County
40.833909,-73.92112,The Bronx,Bronx County
40.832812,-73.929372,The Bronx,Bronx County
40.83173,-73.922394,The Bronx,Bronx County
40.820089,-73.928947,The Bronx,Bronx County
40.830262,-73.923391,The Bronx,Bronx County
40.834263,-73.917641,The Bronx,Bronx County
40.834457,-73.928381,The Bronx,Bronx County
40.839312,-73.922423,The Bronx,Bronx County
40.72506551015475,-73.97515833377838,Manhattan,New York
40.834015,-73.908863,The Bronx,Bronx County
40.835334,-73.9154,The Bronx,Bronx County
40.839549,-73.913004,The Bronx,Bronx County
40.840536,-73.919228,The Bronx,Bronx County
40.84207,-73.926075,The Bronx,Bronx County
40.822215,-73.914688,The Bronx,Bronx County
40.843965,-73.920999,The Bronx,Bronx County
40.823429,-73.924689,The Bronx,Bronx County
40.827883,-73.927111,The Bronx,Bronx County
40.830179,-73.928747,The Bronx,Bronx County
40.74714,-73.97113,Manhattan,New York
40.826677,-73.929327,The Bronx,Bronx County
40.831584,-73.9149,The Bronx,Bronx County
40.829608,-73.921461,The Bronx,Bronx County
40.839142,-73.925961,The Bronx,Bronx County
40.837576,-73.910489,The Bronx,Bronx County
40.825716,-73.915585,The Bronx,Bronx County
40.749498546025194,-73.97729203113158,Manhattan,New York
40.843264,-73.904867,The Bronx,Bronx County
40.83649,-73.918316,The Bronx,Bronx County
40.827115,-73.92272,The Bronx,Bronx County
40.70858894240581,-74.00935482235809,Manhattan,New York
40.829797,-73.931015,The Bronx,Bronx County
40.812769,-73.901583,The Bronx,Bronx County
40.816343,-73.896447,The Bronx,Bronx County
40.815077,-73.899939,The Bronx,Bronx County
40.818185,-73.894143,The Bronx,Bronx County
40.819701,-73.901311,The Bronx,Bronx County
40.822267,-73.916792,The Bronx,Bronx County
40.721319,-74.010065,Manhattan,New York
40.844075,-73.917256,The Bronx,Bronx County
40.821075,-73.895069,The Bronx,Bronx County
40.82441,-73.92818,The Bronx,Bronx County
40.823162,-73.923267,The Bronx,Bronx County
40.820578,-73.888271,The Bronx,Bronx County
40.821967,-73.896752,The Bronx,Bronx County
40.84301,-73.91172,The Bronx,Bronx County
40.83299,-73.94592,Manhattan,New York
40.824796,-73.90242,The Bronx,Bronx County
40.823872,-73.908699,The Bronx,Bronx County
40.827184,-73.893721,The Bronx,Bronx County
40.832678,-73.905158,The Bronx,Bronx County
40.834124,-73.88955,The Bronx,Bronx County
40.830529,-73.894717,The Bronx,Bronx County
40.85168,-73.94186,Manhattan,New York
40.832057,-73.927421,The Bronx,Bronx County
40.823732,-73.919379,The Bronx,Bronx County
40.83545,-73.90153,The Bronx,Bronx County
40.83406,-73.92243,The Bronx,Bronx County
40.82696,-73.907451,The Bronx,Bronx County
40.745686,-74.005141,Manhattan,New York
40.830471,-73.904556,The Bronx,Bronx County
40.834857,-73.903743,The Bronx,Bronx County
40.66407983678161,-73.96025128666679,Brooklyn,Kings County
40.836103,-73.907199,The Bronx,Bronx County
40.825737,-73.927311,The Bronx,Bronx County
40.83899,-73.9109,The Bronx,Bronx County
40.83999,-73.90549,The Bronx,Bronx County
40.839586,-73.900277,The Bronx,Bronx County
40.84224,-73.8985,The Bronx,Bronx County
40.819999,-73.897263,The Bronx,Bronx County
40.822545,-73.901824,The Bronx,Bronx County
40.83094,-73.91125,The Bronx,Bronx County
40.82895,-73.90521,The Bronx,Bronx County
40.840484,-73.917946,The Bronx,Bronx County
40.827301,-73.896372,The Bronx,Bronx County
40.83130549267296,-73.91744792461395,The Bronx,Bronx County
40.840683,-73.915073,The Bronx,Bronx County
40.838379,-73.905838,The Bronx,Bronx County
40.78294,-73.93077,Manhattan,New York
40.79346,-73.92389,Manhattan,New York
40.79558,-73.91906,Manhattan,New York
40.80046,-73.92404,Manhattan,New York
40.831444,-73.926226,The Bronx,Bronx County
40.829896,-73.907618,The Bronx,Bronx County
40.828199,-73.903719,The Bronx,Bronx County
40.83196,-73.91956,The Bronx,Bronx County
40.818154,-73.925294,The Bronx,Bronx County
40.835302,-73.895133,The Bronx,Bronx County
40.831762,-73.896853,The Bronx,Bronx County
40.82809,-73.91288,The Bronx,Bronx County
40.831998,-73.892686,The Bronx,Bronx County
40.830025,-73.886312,The Bronx,Bronx County
40.813991,-73.8855,The Bronx,Bronx County
40.824811,-73.916407,The Bronx,Bronx County
40.696232971293156,-73.99142056703568,Brooklyn,Kings County
40.837213,-73.908345,The Bronx,Bronx County
40.828975,-73.911259,The Bronx,Bronx County
40.83263,-73.925101,The Bronx,Bronx County
40.838706,-73.927034,The Bronx,Bronx County
40.83171,-73.90208,The Bronx,Bronx County
40.811892,-73.904192,The Bronx,Bronx County
40.833246,-73.896599,The Bronx,Bronx County
40.83579,-73.913741,The Bronx,Bronx County
40.842675,-73.908544,The Bronx,Bronx County
40.822217,-73.928939,The Bronx,Bronx County
40.816126,-73.891559,The Bronx,Bronx County
40.824,-73.91089,The Bronx,Bronx County
40.740983,-74.001702,Manhattan,New York
40.830051,-73.892103,The Bronx,Bronx County
40.82394,-73.894025,The Bronx,Bronx County
40.826303,-73.898751,The Bronx,Bronx County
40.839194,-73.888587,The Bronx,Bronx County
40.837037,-73.890413,The Bronx,Bronx County
40.832649,-73.885272,The Bronx,Bronx County
40.843079,-73.900216,The Bronx,Bronx County
40.8358771,-73.8931428,The Bronx,Bronx County
40.82995,-73.898802,The Bronx,Bronx County
40.823061,-73.941928,Manhattan,New York
40.839335,-73.886445,The Bronx,Bronx County
40.841092,-73.892317,The Bronx,Bronx County
40.7606597,-73.98042047,Manhattan,New York
40.816567,-73.888161,The Bronx,Bronx County
40.825322,-73.887729,The Bronx,Bronx County
40.826706,-73.888719,The Bronx,Bronx County
40.836274,-73.884308,The Bronx,Bronx County
40.840494,-73.911479,The Bronx,Bronx County
40.7141454,-74.0335519,Hudson County,NJ
40.7127742,-74.0364857,Hudson County,NJ
40.71649,-74.04105,Hudson County,NJ
40.7124188237569,-74.03852552175522,Hudson County,NJ
40.7112423,-74.0557013,Hudson County,NJ
40.71517767732029,-74.03768330812454,Hudson County,NJ
40.7177325,-74.043845,Hudson County,NJ
40.71958611647166,-74.04311746358871,Hudson County,NJ
40.71458403535893,-74.04281705617905,Hudson County,NJ
40.7162469,-74.0334588,Hudson County,NJ
40.71848892,-74.047726625,Hudson County,NJ
40.7443187,-74.0439909,Hudson County,NJ
40.748715945380226,-74.04044330120087,Hudson County,NJ
40.71835519823214,-74.03891444206238,Hudson County,NJ
40.7287448,-74.0321082,Hudson County,NJ
40.727595966,-74.044247311,Hudson County,NJ
40.72572613742557,-74.07195925712585,Hudson County,NJ
40.72528910781132,-74.04557168483734,Hudson County,NJ
40.7272235,-74.0337589,Hudson County,NJ
40.7182113,-74.0836394,Hudson County,NJ
40.7242941,-74.0354826,Hudson County,NJ
40.71346382669195,-74.06285852193832,Hudson County,NJ
40.73074262530658,-74.06378388404846,Hudson County,NJ
40.7211236,-74.03805095,Hudson County,NJ
40.7192517,-74.034234,Hudson County,NJ
40.71435836870427,-74.06661093235016,Hudson County,NJ
40.721630142638354,-74.04996782541275,Hudson County,NJ
40.72152515,-74.046304543,Hudson County,NJ
40.71653978099194,-74.0496379137039,Hudson County,NJ
40.73520838045357,-74.04696375131607,Hudson County,NJ
40.73089709786179,-74.06391263008118,Hudson County,NJ
40.73367,-74.0625,Hudson County,NJ
40.742677141,-74.051788633,Hudson County,NJ
40.71942,-74.05099,Hudson County,NJ
40.72568548362901,-74.04879033565521,Hudson County,NJ
40.72333158646436,-74.04595255851744,Hudson County,NJ
40.721650724879986,-74.04288411140442,Hudson County,NJ
40.761,-73.977,Manhattan,New York
40.703048421084425,-73.93200427293777,Brooklyn,Kings County
40.71687,-74.03281,Hudson County,NJ
40.749,-73.998,Manhattan,New York
40.809,-73.947,Manhattan,New York
40.710,-73.998,Manhattan,New York
40.7236589,-74.0641943,Hudson County,NJ
40.683,-73.911,Brooklyn,Kings County
40.794,-73.950,Manhattan,New York
40.794,-73.971,Manhattan,New York
40.722103786686034,-74.07145500183105,Hudson County,NJ
40.71928220070702,-74.07126188278198,Hudson County,NJ
40.7311689,-74.0575736,Hudson County,NJ
40.72755146730012,-74.07106071710587,Hudson County,NJ
40.818743,-73.890247,The Bronx,Bronx County
